{"cameraMode":{"drawMode":0,"name":"Shaded","section":"Shading Mode"},"sceneLighting":true,"audioPlay":false,"sceneViewState":{"m_AlwaysRefresh":false,"showFog":true,"showSkybox":true,"showFlares":true,"showImageEffects":true,"showParticleSystems":true,"showVisualEffectGraphs":true,"m_FxEnabled":true},"in2DMode":false,"pivot":{"x":2.1587119102478029,"y":5.87339973449707,"z":-3.2176976203918459},"rotation":{"x":0.21573586761951447,"y":0.05592218041419983,"z":-0.012389049865305424,"w":0.9747745990753174},"size":2.6126928329467775,"orthographic":false}